"Source (en)";"Target (ru)";"Comment"
"access control";"управление доступом";"means to ensure that access to assets is authorized and restricted based on business and security requirements"
"attack";"атака";"attempt to destroy, expose, alter, disable, steal or gain unauthorized access to or make unauthorized use of an asset"
"audit";"аудит";"systematic, independent and documented process for obtaining audit evidence and evaluating it objectively to determine the extent to which the audit criteria are fulfilled"
"audit scope";"область аудита";"extent and boundaries of an audit"
"authentication";"аутентификация";"provision of assurance that a claimed characteristic of an entity is correct"
"authenticity";"подлинность";"property that an entity is what it claims to be"
"availability";"доступность";"property of being accessible and usable on demand by an authorized entity"
"base measure";"основной показатель";"measure defined in terms of an attribute and the method for quantifying it"
"competence";"компетентность";"ability to apply knowledge and skills to achieve intended results"
"confidentiality";"конфиденциальность";"property that information is not made available or disclosed to unauthorized individuals, entities, or processes"
"conformity";"соответствие";"fulfilment of a requirement"
"consequence";"последствие";"outcome of an event affecting objectives"
"continual improvement";"постоянное улучшение";"recurring activity to enhance performance"
"control";"средство управления";"measure that is modifying risk"
"control objective";"цель управления";"statement describing what is to be achieved as a result of implementing controls"
"correction";"коррекция";"action to eliminate a detected nonconformity"
"corrective action";"корректирующее действие";"action to eliminate the cause of a nonconformity and to prevent recurrence"
"derived measure";"производный показатель";"measure that is defined as a function of two or more values of base measures"
"documented information";"документированная информация";"information required to be controlled and maintained by an organization and the medium on which it is contained"
"effectiveness";"результативность";"extent to which planned activities are realized and planned results achieved"
"event";"событие";"occurrence or change of a particular set of circumstances"
"external context";"внешний контекст";"external environment in which the organization seeks to achieve its objectives"
"governance of information security";"управление информационной безопасностью";"system by which an organization's information security activities are directed and controlled"
"governing body";"руководящий орган управления";"person or group of people who are accountable for the performance and conformity of the organization"
"indicator";"индикатор";"measure that provides an estimate or evaluation"
"information need";"информационная потребность";"insight necessary to manage objectives, goals, risks and problems"
"information processing facilities";"средства обработки информации";"any information processing system, service or infrastructure, or the physical location housing it"
"information security";"информационная безопасность";"preservation of confidentiality, integrity and availability of information"
"information security continuity";"непрерывность информационной безопасности";"processes and procedures for ensuring continued information security operations"
"information security event";"событие информационной безопасности";"identified occurrence of a system, service or network state indicating a possible breach of information security policy or failure of controls"
"information security incident";"инцидент информационной безопасности";"single or a series of unwanted or unexpected information security events that have a significant probability of compromising business operations"
"information security incident management";"менеджмент инцидентов информационной безопасности";"set of processes for detecting, reporting, assessing, responding to, dealing with, and learning from information security incidents"
"information security management system professional";"профессионал системы менеджмента информационной безопасности";"person who establishes, implements, maintains and continuously improves one or more information security management system processes"
"information sharing community";"сообщество обмена информацией";"group of organizations that agree to share information"
"information system";"информационная система";"set of applications, services, information technology assets, or other information-handling components"
"integrity";"целостность";"property of accuracy and completeness"
"interested party";"заинтересованная сторона";"person or organization that can affect, be affected by, or perceive itself to be affected by a decision or activity"
"internal context";"внутренний контекст";"internal environment in which the organization seeks to achieve its objectives"
"level of risk";"уровень риска";"magnitude of a risk expressed in terms of the combination of consequences and their likelihood"
"likelihood";"вероятность";"chance of something happening"
"management system";"система менеджмента";"set of interrelated or interacting elements of an organization to establish policies and objectives and processes to achieve those objectives"
"measure";"показатель";"variable to which a value is assigned as the result of measurement"
"measurement";"измерение";"process to determine a value"
"measurement function";"функция расчета производного показателя";"algorithm or calculation performed to combine two or more base measures"
"measurement method";"метод измерения";"logical sequence of operations, described generically, used in quantifying an attribute with respect to a specified scale"
"monitoring";"мониторинг";"determining the status of a system, a process or an activity"
"nonconformity";"несоответствие";"non-fulfilment of a requirement"
"non-repudiation";"неопровержимость авторства";"ability to prove the occurrence of a claimed event or action and its originating entities"
"objective";"задача";"result to be achieved"
"organization";"организация";"person or group of people that has its own functions with responsibilities, authorities and relationships to achieve its objectives"
"outsource";"передавать на аутсорсинг";"make an arrangement where an external organization performs part of an organization's function or process"
"performance";"показатель деятельности";"measurable result"
"policy";"политика";"intentions and direction of an organization, as formally expressed by its top management"
"process";"процесс";"set of interrelated or interacting activities which transforms inputs into outputs"
"reliability";"надежность";"property of consistent intended behaviour and results"
"requirement";"требование";"need or expectation that is stated, generally implied or obligatory"
"residual risk";"остаточный риск";"risk remaining after risk treatment"
"review";"анализ";"activity undertaken to determine the suitability, adequacy and effectiveness of the subject matter to achieve established objectives"
"review object";"объект анализа";"specific item being reviewed"
"review objective";"цель анализа";"statement describing what is to be achieved as a result of a review"
"risk";"риск";"effect of uncertainty on objectives"
"risk acceptance";"принятие риска";"informed decision to take a particular risk"
"risk analysis";"анализ риска";"process to comprehend the nature of risk and to determine the level of risk"
"risk assessment";"оценка риска";"overall process of risk identification, risk analysis and risk evaluation"
"risk communication and consultation";"обмен информацией по рискам и консультации";"set of continual and iterative processes that an organization conducts to provide, share or obtain information, and to engage in dialogue with stakeholders regarding the management of risk"
"risk criteria";"критерий риска";"terms of reference against which the significance of risk is evaluated"
"risk evaluation";"определение степени риска";"process of comparing the results of risk analysis with risk criteria to determine whether the risk and/or its magnitude is acceptable or tolerable"
"risk identification";"идентификация риска";"process of finding, recognizing and describing risks"
"risk management";"менеджмент риска";"coordinated activities to direct and control an organization with regard to risk"
"risk management process";"процесс менеджмента риска";"systematic application of management policies, procedures and practices to the activities of communicating, consulting, establishing the context and identifying, analysing, evaluating, treating, monitoring and reviewing risk"
"risk owner";"владелец риска";"person or entity with the accountability and authority to manage a risk"
"risk treatment";"обработка риска";"process to modify risk"
"security implementation standard";"стандарт обеспечения безопасности";"document specifying authorized ways for realizing security"
"threat";"угроза";"potential cause of an unwanted incident, which can result in harm to a system or organization"
"top management";"высшее руководство";"person or group of people who directs and controls an organization at the highest level"
"trusted information communication entity";"доверенный участник информационного сообщества";"autonomous organization supporting information exchange within an information sharing community"
"vulnerability";"уязвимость";"weakness of an asset or control that can be exploited by one or more threats"
"sensitivity";"важность";"measure of importance assigned to information by the information owner to denote its need for protection"
"abbreviated address calling";"вызов по сокращенному адресу";"calling that enables a user to employ an address having fewer characters than the full address when initiating a call"
"character";"знак";"member of a set of elements that is used for the representation, organization, or control of data"
"data";"данные";"reinterpretable representation of information in a formalized manner suitable for communication, interpretation, or processing"
"edit";"редактирование";"prepare data for a later operation"
"facsimile";"факсимиле";"transmission over a telecommunication system of images of pages and the creation of copies of those images at the receiving location"
"gateway";"шлюз";"functional unit that connects two computer networks having different network architectures"
"hash function";"хэш-функция";"function used to determine the position of a given item in a set of items"
"icon";"пиктограмма";"graphic symbol, displayed on a screen, to which a user can point with a device, such as a mouse, in order to select a particular function or software application"
"job";"задание";"unit of work that is defined by a user and that is to be accomplished by a computer"
"kernel";"ядро";"that part of a control program that is resident in main storage"
"label";"метка";"identifier for a location in a program"
"machine learning";"машинное обучение";"process by which a functional unit improves its performance by acquiring new knowledge or skills, or by reorganizing existing knowledge or skills"
"node";"узел";"in a network, entity that is connected to one or more other entities"
"object code";"объектный код";"final version of code prior to execution"
"packet";"пакет";"sequence of bits arranged in a specific format, containing control data and possibly user data, and that is transmitted and switched as a whole"
"queue";"очередь";"list that is constructed and maintained so that the next item to be retrieved is the one inserted earliest"
"router";"маршрутизатор";"functional unit that establishes a path through one or more computer networks"
"scanner";"сканирующее устройство";"device that examines a special pattern, one part after another, and generates analog or digital signals corresponding to the pattern"
"table";"таблица";"arrangement of data in which each item may be identified by means of arguments or keys"
"upload";"загрузка";"transfer programs or data from a connected computer to a computer with greater resources, typically from a personal computer to a mainframe"
"virtual machine";"виртуальная машина";"virtual data processing system that appears to be at the exclusive disposal of a particular user, but whose functions are accomplished by sharing the resources of a real data processing system"
"workstation";"рабочая станция";"functional unit that usually has special purpose computing capabilities and includes user-oriented input units and output units"
